Name,Address,Telephone,Distance
Cruise Guru,"8/171 Clarence St, Sydney",N/A,N/A
Coast Cruises,"Sydney Superyacht Marina 2 Maritime Court, Rozelle",N/A,N/A
Australian Cruise Group,"King Street Wharf, 32 The Promenade, Sydney",N/A,N/A
Sydney Princess Cruises,"37 Bank St, Pyrmont",N/A,N/A
Sydney Harbour Dinner Cruises,"32 The Promenade, Sydney",N/A,N/A
Vagabond Cruises,"37 Bank St, Pyrmont",N/A,N/A
Captain Cook Cruises - Circular Quay,"Wharf 6, Sydney",N/A,N/A
Captain Cook Cruises - King Street Wharf,"King St Wharf 1, Sydney",N/A,N/A
Magistic Cruises,"King Street Wharf, 32 The Promenade, Sydney",N/A,N/A
Journey Beyond Cruise,"Wharf 8, King Street Wharf, Sydney",N/A,N/A
Sydney Luxury Cruise,"1 Darling Dr, Sydney",N/A,N/A
Aussie Legend,"Unit 11/37 Nicholson St, Balmain East",N/A,N/A
Clearview Sydney Harbour Cruises,"32 The Promenade King Street Wharf 5, Sydney",N/A,N/A
Flagship Cruises,"King Street Wharf, 30 The Promenade, Sydney",N/A,N/A
Ucruise Sydney,"31 Pitt St, Sydney",N/A,N/A
Sydney Harbour Party Cruises,"Level 12/95 Pitt St, Sydney",N/A,N/A
Sydney Harbour Lunch Cruise,"King Street Wharf, 5/32 The Promenade, Sydney",N/A,N/A
Sydney Showboats,"32 The Promenade, King Street Wharf, 5, Sydney",N/A,N/A
Vivid Sydney Cruises,"32 The Promenade King Street Wharf 5, Sydney",N/A,N/A
Rhythmboat Cruises,"King Street Wharf, King St, Sydney",N/A,N/A
